{
  "faqs": [
    {
      "question": "What is your return policy?",
      "answer": "You can return any product within 30 days of purchase."
    },
    {
      "question": "How can I contact support?",
      "answer": "You can reach our support team via email at support@example.com."
    },
    {
      "question": "Do you offer international shipping?",
      "answer": "Yes, we ship to most countries worldwide."
    },
    {
      "question": "How long does delivery take?",
      "answer": "Delivery usually takes 3-5 business days within the country."
    },
    {
      "question": "What payment methods do you accept?",
      "answer": "We accept credit cards, debit cards, and PayPal."
    }
  ]
}
